Campaign,Ad group,Ad group status,Default max CPC (INR)
S | Fresh Goat Milk | Pune | Pilot,Goat Milk Pune,Paused,35
S | Fresh Goat Milk | Pune | Pilot,Availability & Price,Paused,35
S | Fresh Goat Milk | Pune | Pilot,Local Goat Milk,Paused,35
S | Delivery Near Me | Pune-PCMC | Pilot,Near Me,Paused,40
S | Delivery Near Me | Pune-PCMC | Pilot,Delivery Pune,Paused,40
S | Delivery Near Me | Pune-PCMC | Pilot,Katraj PCMC,Paused,40
S | Goat Milk Paneer | Pune | Pilot,Goat Milk Paneer,Paused,25
S | B2B Dairy Supply | Pune | Pilot,Goat Milk Supplier,Paused,40
S | B2B Dairy Supply | Pune | Pilot,Food Business Supply,Paused,40

