Campaign,Asset status,Callout text,Labels
S | Fresh Goat Milk | Pune | Pilot,Paused,Small-Batch Dairy,HHB Pilot; Draft Only
S | Fresh Goat Milk | Pune | Pilot,Paused,Kunjirwadi Near Pune,HHB Pilot; Draft Only
S | Fresh Goat Milk | Pune | Pilot,Paused,WhatsApp Confirmation,HHB Pilot; Draft Only
S | Fresh Goat Milk | Pune | Pilot,Paused,Current Batch Availability,HHB Pilot; Draft Only
S | Fresh Goat Milk | Pune | Pilot,Paused,Pickup Or Delivery Enquiry,HHB Pilot; Draft Only
S | Fresh Goat Milk | Pune | Pilot,Paused,Personally Confirmed Orders,HHB Pilot; Draft Only
S | Delivery Near Me | Pune-PCMC | Pilot,Paused,Small-Batch Dairy,HHB Pilot; Draft Only
S | Delivery Near Me | Pune-PCMC | Pilot,Paused,Kunjirwadi Near Pune,HHB Pilot; Draft Only
S | Delivery Near Me | Pune-PCMC | Pilot,Paused,WhatsApp Confirmation,HHB Pilot; Draft Only
S | Delivery Near Me | Pune-PCMC | Pilot,Paused,Current Batch Availability,HHB Pilot; Draft Only
S | Delivery Near Me | Pune-PCMC | Pilot,Paused,Pickup Or Delivery Enquiry,HHB Pilot; Draft Only
S | Delivery Near Me | Pune-PCMC | Pilot,Paused,Personally Confirmed Orders,HHB Pilot; Draft Only
S | Goat Milk Paneer | Pune | Pilot,Paused,Small-Batch Dairy,HHB Pilot; Draft Only
S | Goat Milk Paneer | Pune | Pilot,Paused,Kunjirwadi Near Pune,HHB Pilot; Draft Only
S | Goat Milk Paneer | Pune | Pilot,Paused,WhatsApp Confirmation,HHB Pilot; Draft Only
S | Goat Milk Paneer | Pune | Pilot,Paused,Current Batch Availability,HHB Pilot; Draft Only
S | Goat Milk Paneer | Pune | Pilot,Paused,Pickup Or Delivery Enquiry,HHB Pilot; Draft Only
S | Goat Milk Paneer | Pune | Pilot,Paused,Personally Confirmed Orders,HHB Pilot; Draft Only
S | B2B Dairy Supply | Pune | Pilot,Paused,Small-Batch Dairy,HHB Pilot; Draft Only
S | B2B Dairy Supply | Pune | Pilot,Paused,Kunjirwadi Near Pune,HHB Pilot; Draft Only
S | B2B Dairy Supply | Pune | Pilot,Paused,WhatsApp Confirmation,HHB Pilot; Draft Only
S | B2B Dairy Supply | Pune | Pilot,Paused,Current Batch Availability,HHB Pilot; Draft Only
S | B2B Dairy Supply | Pune | Pilot,Paused,Pickup Or Delivery Enquiry,HHB Pilot; Draft Only
S | B2B Dairy Supply | Pune | Pilot,Paused,Personally Confirmed Orders,HHB Pilot; Draft Only

