Campaign,Location
S | Fresh Goat Milk | Pune | Pilot,"Hinjawadi,Maharashtra,India"
S | Fresh Goat Milk | Pune | Pilot,"Mahalunge,Khed,Maharashtra,India"
S | Fresh Goat Milk | Pune | Pilot,"Pimpri-Chinchwad,Maharashtra,India"
S | Delivery Near Me | Pune-PCMC | Pilot,"Hinjawadi,Maharashtra,India"
S | Delivery Near Me | Pune-PCMC | Pilot,"Mahalunge,Khed,Maharashtra,India"
S | Delivery Near Me | Pune-PCMC | Pilot,"Pimpri-Chinchwad,Maharashtra,India"
S | Goat Milk Paneer | Pune | Pilot,"Hinjawadi,Maharashtra,India"
S | Goat Milk Paneer | Pune | Pilot,"Mahalunge,Khed,Maharashtra,India"
S | Goat Milk Paneer | Pune | Pilot,"Pimpri-Chinchwad,Maharashtra,India"
S | B2B Dairy Supply | Pune | Pilot,"Hinjawadi,Maharashtra,India"
S | B2B Dairy Supply | Pune | Pilot,"Mahalunge,Khed,Maharashtra,India"
S | B2B Dairy Supply | Pune | Pilot,"Pimpri-Chinchwad,Maharashtra,India"
