Campaign,Location,Location type,Targeting option,Campaign status,Route coverage,Import note
S | Fresh Goat Milk | Pune | Pilot,"Susgaon, Maharashtra, India",Positive,People in or regularly in targeted locations,Paused,R1 West Pune & Hinjewadi,Resolve in Google Ads Editor; do not broaden beyond service corridors
S | Fresh Goat Milk | Pune | Pilot,"Mahalunge, Maharashtra, India",Positive,People in or regularly in targeted locations,Paused,R1 West Pune & Hinjewadi,Resolve in Google Ads Editor; do not broaden beyond service corridors
S | Fresh Goat Milk | Pune | Pilot,"Hinjewadi, Maharashtra, India",Positive,People in or regularly in targeted locations,Paused,R1 West Pune & Hinjewadi,Resolve in Google Ads Editor; do not broaden beyond service corridors
S | Fresh Goat Milk | Pune | Pilot,"Wakad, Maharashtra, India",Positive,People in or regularly in targeted locations,Paused,R1 West Pune & Hinjewadi / R2 PCMC,Resolve in Google Ads Editor; do not broaden beyond service corridors
S | Fresh Goat Milk | Pune | Pilot,"Balewadi, Maharashtra, India",Positive,People in or regularly in targeted locations,Paused,R1 West Pune & Hinjewadi,Resolve in Google Ads Editor; do not broaden beyond service corridors
S | Fresh Goat Milk | Pune | Pilot,"Baner, Maharashtra, India",Positive,People in or regularly in targeted locations,Paused,R1 West Pune & Hinjewadi,Resolve in Google Ads Editor; do not broaden beyond service corridors
S | Fresh Goat Milk | Pune | Pilot,"Aundh, Maharashtra, India",Positive,People in or regularly in targeted locations,Paused,R2 PCMC,Resolve in Google Ads Editor; do not broaden beyond service corridors
S | Fresh Goat Milk | Pune | Pilot,"Pimple Nilakh, Maharashtra, India",Positive,People in or regularly in targeted locations,Paused,R2 PCMC,Resolve in Google Ads Editor; do not broaden beyond service corridors
S | Fresh Goat Milk | Pune | Pilot,"Pimple Saudagar, Maharashtra, India",Positive,People in or regularly in targeted locations,Paused,R2 PCMC,Resolve in Google Ads Editor; do not broaden beyond service corridors
S | Fresh Goat Milk | Pune | Pilot,"Rahatani, Maharashtra, India",Positive,People in or regularly in targeted locations,Paused,R2 PCMC,Resolve in Google Ads Editor; do not broaden beyond service corridors
S | Fresh Goat Milk | Pune | Pilot,"Pimpri, Maharashtra, India",Positive,People in or regularly in targeted locations,Paused,R2 PCMC,Resolve in Google Ads Editor; do not broaden beyond service corridors
S | Fresh Goat Milk | Pune | Pilot,"Chinchwad, Maharashtra, India",Positive,People in or regularly in targeted locations,Paused,R2 PCMC,Resolve in Google Ads Editor; do not broaden beyond service corridors
S | Fresh Goat Milk | Pune | Pilot,"Akurdi, Maharashtra, India",Positive,People in or regularly in targeted locations,Paused,R2 PCMC,Resolve in Google Ads Editor; do not broaden beyond service corridors
S | Fresh Goat Milk | Pune | Pilot,"Nigdi, Maharashtra, India",Positive,People in or regularly in targeted locations,Paused,R2 PCMC,Resolve in Google Ads Editor; do not broaden beyond service corridors
S | Fresh Goat Milk | Pune | Pilot,"Ravet, Maharashtra, India",Positive,People in or regularly in targeted locations,Paused,R2 PCMC,Resolve in Google Ads Editor; do not broaden beyond service corridors
S | Fresh Goat Milk | Pune | Pilot,"Punawale, Maharashtra, India",Positive,People in or regularly in targeted locations,Paused,R2 PCMC,Resolve in Google Ads Editor; do not broaden beyond service corridors
S | Fresh Goat Milk | Pune | Pilot,"Tathawade, Maharashtra, India",Positive,People in or regularly in targeted locations,Paused,R2 PCMC,Resolve in Google Ads Editor; do not broaden beyond service corridors
S | Fresh Goat Milk | Pune | Pilot,"Bavdhan, Maharashtra, India",Positive,People in or regularly in targeted locations,Paused,R3 West & Central Pune,Resolve in Google Ads Editor; do not broaden beyond service corridors
S | Fresh Goat Milk | Pune | Pilot,"Kothrud, Maharashtra, India",Positive,People in or regularly in targeted locations,Paused,R3 West & Central Pune,Resolve in Google Ads Editor; do not broaden beyond service corridors
S | Fresh Goat Milk | Pune | Pilot,"Karve Nagar, Maharashtra, India",Positive,People in or regularly in targeted locations,Paused,R3 West & Central Pune,Resolve in Google Ads Editor; do not broaden beyond service corridors
S | Fresh Goat Milk | Pune | Pilot,"Erandwane, Maharashtra, India",Positive,People in or regularly in targeted locations,Paused,R3 West & Central Pune,Resolve in Google Ads Editor; do not broaden beyond service corridors
S | Fresh Goat Milk | Pune | Pilot,"Deccan, Maharashtra, India",Positive,People in or regularly in targeted locations,Paused,R3 West & Central Pune,Resolve in Google Ads Editor; do not broaden beyond service corridors
S | Fresh Goat Milk | Pune | Pilot,"Shivajinagar, Maharashtra, India",Positive,People in or regularly in targeted locations,Paused,R3 West & Central Pune / R4 Central & East Pune,Resolve in Google Ads Editor; do not broaden beyond service corridors
S | Fresh Goat Milk | Pune | Pilot,"Sangamwadi, Maharashtra, India",Positive,People in or regularly in targeted locations,Paused,R4 Central & East Pune,Resolve in Google Ads Editor; do not broaden beyond service corridors
S | Fresh Goat Milk | Pune | Pilot,"Koregaon Park, Maharashtra, India",Positive,People in or regularly in targeted locations,Paused,R4 Central & East Pune,Resolve in Google Ads Editor; do not broaden beyond service corridors
S | Fresh Goat Milk | Pune | Pilot,"Kalyani Nagar, Maharashtra, India",Positive,People in or regularly in targeted locations,Paused,R4 Central & East Pune,Resolve in Google Ads Editor; do not broaden beyond service corridors
S | Fresh Goat Milk | Pune | Pilot,"Viman Nagar, Maharashtra, India",Positive,People in or regularly in targeted locations,Paused,R4 Central & East Pune,Resolve in Google Ads Editor; do not broaden beyond service corridors
S | Fresh Goat Milk | Pune | Pilot,"Wadgaon Sheri, Maharashtra, India",Positive,People in or regularly in targeted locations,Paused,R4 Central & East Pune,Resolve in Google Ads Editor; do not broaden beyond service corridors
S | Fresh Goat Milk | Pune | Pilot,"Kharadi, Maharashtra, India",Positive,People in or regularly in targeted locations,Paused,R4 Central & East Pune,Resolve in Google Ads Editor; do not broaden beyond service corridors
S | Fresh Goat Milk | Pune | Pilot,"Warje, Maharashtra, India",Positive,People in or regularly in targeted locations,Paused,R5 South Pune,Resolve in Google Ads Editor; do not broaden beyond service corridors
S | Fresh Goat Milk | Pune | Pilot,"Sinhagad Road, Maharashtra, India",Positive,People in or regularly in targeted locations,Paused,R5 South Pune,Resolve in Google Ads Editor; do not broaden beyond service corridors
S | Fresh Goat Milk | Pune | Pilot,"Dhayari, Maharashtra, India",Positive,People in or regularly in targeted locations,Paused,R5 South Pune,Resolve in Google Ads Editor; do not broaden beyond service corridors
S | Fresh Goat Milk | Pune | Pilot,"Ambegaon, Maharashtra, India",Positive,People in or regularly in targeted locations,Paused,R5 South Pune,Resolve in Google Ads Editor; do not broaden beyond service corridors
S | Fresh Goat Milk | Pune | Pilot,"Katraj, Maharashtra, India",Positive,People in or regularly in targeted locations,Paused,R5 South Pune,Resolve in Google Ads Editor; do not broaden beyond service corridors
S | Fresh Goat Milk | Pune | Pilot,"Bibwewadi, Maharashtra, India",Positive,People in or regularly in targeted locations,Paused,R5 South Pune,Resolve in Google Ads Editor; do not broaden beyond service corridors
S | Fresh Goat Milk | Pune | Pilot,"Kondhwa, Maharashtra, India",Positive,People in or regularly in targeted locations,Paused,R5 South Pune,Resolve in Google Ads Editor; do not broaden beyond service corridors
S | Fresh Goat Milk | Pune | Pilot,"NIBM, Maharashtra, India",Positive,People in or regularly in targeted locations,Paused,R5 South Pune,Resolve in Google Ads Editor; do not broaden beyond service corridors
S | Fresh Goat Milk | Pune | Pilot,"Undri, Maharashtra, India",Positive,People in or regularly in targeted locations,Paused,R5 South Pune,Resolve in Google Ads Editor; do not broaden beyond service corridors
S | Fresh Goat Milk | Pune | Pilot,"Magarpatta, Maharashtra, India",Positive,People in or regularly in targeted locations,Paused,R6 Hadapsar & Solapur Road,Resolve in Google Ads Editor; do not broaden beyond service corridors
S | Fresh Goat Milk | Pune | Pilot,"Amanora, Maharashtra, India",Positive,People in or regularly in targeted locations,Paused,R6 Hadapsar & Solapur Road,Resolve in Google Ads Editor; do not broaden beyond service corridors
S | Fresh Goat Milk | Pune | Pilot,"Hadapsar, Maharashtra, India",Positive,People in or regularly in targeted locations,Paused,R6 Hadapsar & Solapur Road,Resolve in Google Ads Editor; do not broaden beyond service corridors
S | Fresh Goat Milk | Pune | Pilot,"Manjari, Maharashtra, India",Positive,People in or regularly in targeted locations,Paused,R6 Hadapsar & Solapur Road,Resolve in Google Ads Editor; do not broaden beyond service corridors
S | Fresh Goat Milk | Pune | Pilot,"Shewalewadi, Maharashtra, India",Positive,People in or regularly in targeted locations,Paused,R6 Hadapsar & Solapur Road,Resolve in Google Ads Editor; do not broaden beyond service corridors
S | Fresh Goat Milk | Pune | Pilot,"Loni Kalbhor, Maharashtra, India",Positive,People in or regularly in targeted locations,Paused,R6 Hadapsar & Solapur Road,Resolve in Google Ads Editor; do not broaden beyond service corridors
S | Fresh Goat Milk | Pune | Pilot,"Kunjirwadi, Maharashtra, India",Positive,People in or regularly in targeted locations,Paused,R6 Hadapsar & Solapur Road,Resolve in Google Ads Editor; do not broaden beyond service corridors
S | Fresh Goat Milk | Pune | Pilot,"Uruli Kanchan, Maharashtra, India",Positive,People in or regularly in targeted locations,Paused,R6 Hadapsar & Solapur Road,Resolve in Google Ads Editor; do not broaden beyond service corridors
S | Delivery Near Me | Pune-PCMC | Pilot,"Susgaon, Maharashtra, India",Positive,People in or regularly in targeted locations,Paused,R1 West Pune & Hinjewadi,Resolve in Google Ads Editor; do not broaden beyond service corridors
S | Delivery Near Me | Pune-PCMC | Pilot,"Mahalunge, Maharashtra, India",Positive,People in or regularly in targeted locations,Paused,R1 West Pune & Hinjewadi,Resolve in Google Ads Editor; do not broaden beyond service corridors
S | Delivery Near Me | Pune-PCMC | Pilot,"Hinjewadi, Maharashtra, India",Positive,People in or regularly in targeted locations,Paused,R1 West Pune & Hinjewadi,Resolve in Google Ads Editor; do not broaden beyond service corridors
S | Delivery Near Me | Pune-PCMC | Pilot,"Wakad, Maharashtra, India",Positive,People in or regularly in targeted locations,Paused,R1 West Pune & Hinjewadi / R2 PCMC,Resolve in Google Ads Editor; do not broaden beyond service corridors
S | Delivery Near Me | Pune-PCMC | Pilot,"Balewadi, Maharashtra, India",Positive,People in or regularly in targeted locations,Paused,R1 West Pune & Hinjewadi,Resolve in Google Ads Editor; do not broaden beyond service corridors
S | Delivery Near Me | Pune-PCMC | Pilot,"Baner, Maharashtra, India",Positive,People in or regularly in targeted locations,Paused,R1 West Pune & Hinjewadi,Resolve in Google Ads Editor; do not broaden beyond service corridors
S | Delivery Near Me | Pune-PCMC | Pilot,"Aundh, Maharashtra, India",Positive,People in or regularly in targeted locations,Paused,R2 PCMC,Resolve in Google Ads Editor; do not broaden beyond service corridors
S | Delivery Near Me | Pune-PCMC | Pilot,"Pimple Nilakh, Maharashtra, India",Positive,People in or regularly in targeted locations,Paused,R2 PCMC,Resolve in Google Ads Editor; do not broaden beyond service corridors
S | Delivery Near Me | Pune-PCMC | Pilot,"Pimple Saudagar, Maharashtra, India",Positive,People in or regularly in targeted locations,Paused,R2 PCMC,Resolve in Google Ads Editor; do not broaden beyond service corridors
S | Delivery Near Me | Pune-PCMC | Pilot,"Rahatani, Maharashtra, India",Positive,People in or regularly in targeted locations,Paused,R2 PCMC,Resolve in Google Ads Editor; do not broaden beyond service corridors
S | Delivery Near Me | Pune-PCMC | Pilot,"Pimpri, Maharashtra, India",Positive,People in or regularly in targeted locations,Paused,R2 PCMC,Resolve in Google Ads Editor; do not broaden beyond service corridors
S | Delivery Near Me | Pune-PCMC | Pilot,"Chinchwad, Maharashtra, India",Positive,People in or regularly in targeted locations,Paused,R2 PCMC,Resolve in Google Ads Editor; do not broaden beyond service corridors
S | Delivery Near Me | Pune-PCMC | Pilot,"Akurdi, Maharashtra, India",Positive,People in or regularly in targeted locations,Paused,R2 PCMC,Resolve in Google Ads Editor; do not broaden beyond service corridors
S | Delivery Near Me | Pune-PCMC | Pilot,"Nigdi, Maharashtra, India",Positive,People in or regularly in targeted locations,Paused,R2 PCMC,Resolve in Google Ads Editor; do not broaden beyond service corridors
S | Delivery Near Me | Pune-PCMC | Pilot,"Ravet, Maharashtra, India",Positive,People in or regularly in targeted locations,Paused,R2 PCMC,Resolve in Google Ads Editor; do not broaden beyond service corridors
S | Delivery Near Me | Pune-PCMC | Pilot,"Punawale, Maharashtra, India",Positive,People in or regularly in targeted locations,Paused,R2 PCMC,Resolve in Google Ads Editor; do not broaden beyond service corridors
S | Delivery Near Me | Pune-PCMC | Pilot,"Tathawade, Maharashtra, India",Positive,People in or regularly in targeted locations,Paused,R2 PCMC,Resolve in Google Ads Editor; do not broaden beyond service corridors
S | Delivery Near Me | Pune-PCMC | Pilot,"Bavdhan, Maharashtra, India",Positive,People in or regularly in targeted locations,Paused,R3 West & Central Pune,Resolve in Google Ads Editor; do not broaden beyond service corridors
S | Delivery Near Me | Pune-PCMC | Pilot,"Kothrud, Maharashtra, India",Positive,People in or regularly in targeted locations,Paused,R3 West & Central Pune,Resolve in Google Ads Editor; do not broaden beyond service corridors
S | Delivery Near Me | Pune-PCMC | Pilot,"Karve Nagar, Maharashtra, India",Positive,People in or regularly in targeted locations,Paused,R3 West & Central Pune,Resolve in Google Ads Editor; do not broaden beyond service corridors
S | Delivery Near Me | Pune-PCMC | Pilot,"Erandwane, Maharashtra, India",Positive,People in or regularly in targeted locations,Paused,R3 West & Central Pune,Resolve in Google Ads Editor; do not broaden beyond service corridors
S | Delivery Near Me | Pune-PCMC | Pilot,"Deccan, Maharashtra, India",Positive,People in or regularly in targeted locations,Paused,R3 West & Central Pune,Resolve in Google Ads Editor; do not broaden beyond service corridors
S | Delivery Near Me | Pune-PCMC | Pilot,"Shivajinagar, Maharashtra, India",Positive,People in or regularly in targeted locations,Paused,R3 West & Central Pune / R4 Central & East Pune,Resolve in Google Ads Editor; do not broaden beyond service corridors
S | Delivery Near Me | Pune-PCMC | Pilot,"Sangamwadi, Maharashtra, India",Positive,People in or regularly in targeted locations,Paused,R4 Central & East Pune,Resolve in Google Ads Editor; do not broaden beyond service corridors
S | Delivery Near Me | Pune-PCMC | Pilot,"Koregaon Park, Maharashtra, India",Positive,People in or regularly in targeted locations,Paused,R4 Central & East Pune,Resolve in Google Ads Editor; do not broaden beyond service corridors
S | Delivery Near Me | Pune-PCMC | Pilot,"Kalyani Nagar, Maharashtra, India",Positive,People in or regularly in targeted locations,Paused,R4 Central & East Pune,Resolve in Google Ads Editor; do not broaden beyond service corridors
S | Delivery Near Me | Pune-PCMC | Pilot,"Viman Nagar, Maharashtra, India",Positive,People in or regularly in targeted locations,Paused,R4 Central & East Pune,Resolve in Google Ads Editor; do not broaden beyond service corridors
S | Delivery Near Me | Pune-PCMC | Pilot,"Wadgaon Sheri, Maharashtra, India",Positive,People in or regularly in targeted locations,Paused,R4 Central & East Pune,Resolve in Google Ads Editor; do not broaden beyond service corridors
S | Delivery Near Me | Pune-PCMC | Pilot,"Kharadi, Maharashtra, India",Positive,People in or regularly in targeted locations,Paused,R4 Central & East Pune,Resolve in Google Ads Editor; do not broaden beyond service corridors
S | Delivery Near Me | Pune-PCMC | Pilot,"Warje, Maharashtra, India",Positive,People in or regularly in targeted locations,Paused,R5 South Pune,Resolve in Google Ads Editor; do not broaden beyond service corridors
S | Delivery Near Me | Pune-PCMC | Pilot,"Sinhagad Road, Maharashtra, India",Positive,People in or regularly in targeted locations,Paused,R5 South Pune,Resolve in Google Ads Editor; do not broaden beyond service corridors
S | Delivery Near Me | Pune-PCMC | Pilot,"Dhayari, Maharashtra, India",Positive,People in or regularly in targeted locations,Paused,R5 South Pune,Resolve in Google Ads Editor; do not broaden beyond service corridors
S | Delivery Near Me | Pune-PCMC | Pilot,"Ambegaon, Maharashtra, India",Positive,People in or regularly in targeted locations,Paused,R5 South Pune,Resolve in Google Ads Editor; do not broaden beyond service corridors
S | Delivery Near Me | Pune-PCMC | Pilot,"Katraj, Maharashtra, India",Positive,People in or regularly in targeted locations,Paused,R5 South Pune,Resolve in Google Ads Editor; do not broaden beyond service corridors
S | Delivery Near Me | Pune-PCMC | Pilot,"Bibwewadi, Maharashtra, India",Positive,People in or regularly in targeted locations,Paused,R5 South Pune,Resolve in Google Ads Editor; do not broaden beyond service corridors
S | Delivery Near Me | Pune-PCMC | Pilot,"Kondhwa, Maharashtra, India",Positive,People in or regularly in targeted locations,Paused,R5 South Pune,Resolve in Google Ads Editor; do not broaden beyond service corridors
S | Delivery Near Me | Pune-PCMC | Pilot,"NIBM, Maharashtra, India",Positive,People in or regularly in targeted locations,Paused,R5 South Pune,Resolve in Google Ads Editor; do not broaden beyond service corridors
S | Delivery Near Me | Pune-PCMC | Pilot,"Undri, Maharashtra, India",Positive,People in or regularly in targeted locations,Paused,R5 South Pune,Resolve in Google Ads Editor; do not broaden beyond service corridors
S | Delivery Near Me | Pune-PCMC | Pilot,"Magarpatta, Maharashtra, India",Positive,People in or regularly in targeted locations,Paused,R6 Hadapsar & Solapur Road,Resolve in Google Ads Editor; do not broaden beyond service corridors
S | Delivery Near Me | Pune-PCMC | Pilot,"Amanora, Maharashtra, India",Positive,People in or regularly in targeted locations,Paused,R6 Hadapsar & Solapur Road,Resolve in Google Ads Editor; do not broaden beyond service corridors
S | Delivery Near Me | Pune-PCMC | Pilot,"Hadapsar, Maharashtra, India",Positive,People in or regularly in targeted locations,Paused,R6 Hadapsar & Solapur Road,Resolve in Google Ads Editor; do not broaden beyond service corridors
S | Delivery Near Me | Pune-PCMC | Pilot,"Manjari, Maharashtra, India",Positive,People in or regularly in targeted locations,Paused,R6 Hadapsar & Solapur Road,Resolve in Google Ads Editor; do not broaden beyond service corridors
S | Delivery Near Me | Pune-PCMC | Pilot,"Shewalewadi, Maharashtra, India",Positive,People in or regularly in targeted locations,Paused,R6 Hadapsar & Solapur Road,Resolve in Google Ads Editor; do not broaden beyond service corridors
S | Delivery Near Me | Pune-PCMC | Pilot,"Loni Kalbhor, Maharashtra, India",Positive,People in or regularly in targeted locations,Paused,R6 Hadapsar & Solapur Road,Resolve in Google Ads Editor; do not broaden beyond service corridors
S | Delivery Near Me | Pune-PCMC | Pilot,"Kunjirwadi, Maharashtra, India",Positive,People in or regularly in targeted locations,Paused,R6 Hadapsar & Solapur Road,Resolve in Google Ads Editor; do not broaden beyond service corridors
S | Delivery Near Me | Pune-PCMC | Pilot,"Uruli Kanchan, Maharashtra, India",Positive,People in or regularly in targeted locations,Paused,R6 Hadapsar & Solapur Road,Resolve in Google Ads Editor; do not broaden beyond service corridors
S | Goat Milk Paneer | Pune | Pilot,"Susgaon, Maharashtra, India",Positive,People in or regularly in targeted locations,Paused,R1 West Pune & Hinjewadi,Resolve in Google Ads Editor; do not broaden beyond service corridors
S | Goat Milk Paneer | Pune | Pilot,"Mahalunge, Maharashtra, India",Positive,People in or regularly in targeted locations,Paused,R1 West Pune & Hinjewadi,Resolve in Google Ads Editor; do not broaden beyond service corridors
S | Goat Milk Paneer | Pune | Pilot,"Hinjewadi, Maharashtra, India",Positive,People in or regularly in targeted locations,Paused,R1 West Pune & Hinjewadi,Resolve in Google Ads Editor; do not broaden beyond service corridors
S | Goat Milk Paneer | Pune | Pilot,"Wakad, Maharashtra, India",Positive,People in or regularly in targeted locations,Paused,R1 West Pune & Hinjewadi / R2 PCMC,Resolve in Google Ads Editor; do not broaden beyond service corridors
S | Goat Milk Paneer | Pune | Pilot,"Balewadi, Maharashtra, India",Positive,People in or regularly in targeted locations,Paused,R1 West Pune & Hinjewadi,Resolve in Google Ads Editor; do not broaden beyond service corridors
S | Goat Milk Paneer | Pune | Pilot,"Baner, Maharashtra, India",Positive,People in or regularly in targeted locations,Paused,R1 West Pune & Hinjewadi,Resolve in Google Ads Editor; do not broaden beyond service corridors
S | Goat Milk Paneer | Pune | Pilot,"Aundh, Maharashtra, India",Positive,People in or regularly in targeted locations,Paused,R2 PCMC,Resolve in Google Ads Editor; do not broaden beyond service corridors
S | Goat Milk Paneer | Pune | Pilot,"Pimple Nilakh, Maharashtra, India",Positive,People in or regularly in targeted locations,Paused,R2 PCMC,Resolve in Google Ads Editor; do not broaden beyond service corridors
S | Goat Milk Paneer | Pune | Pilot,"Pimple Saudagar, Maharashtra, India",Positive,People in or regularly in targeted locations,Paused,R2 PCMC,Resolve in Google Ads Editor; do not broaden beyond service corridors
S | Goat Milk Paneer | Pune | Pilot,"Rahatani, Maharashtra, India",Positive,People in or regularly in targeted locations,Paused,R2 PCMC,Resolve in Google Ads Editor; do not broaden beyond service corridors
S | Goat Milk Paneer | Pune | Pilot,"Pimpri, Maharashtra, India",Positive,People in or regularly in targeted locations,Paused,R2 PCMC,Resolve in Google Ads Editor; do not broaden beyond service corridors
S | Goat Milk Paneer | Pune | Pilot,"Chinchwad, Maharashtra, India",Positive,People in or regularly in targeted locations,Paused,R2 PCMC,Resolve in Google Ads Editor; do not broaden beyond service corridors
S | Goat Milk Paneer | Pune | Pilot,"Akurdi, Maharashtra, India",Positive,People in or regularly in targeted locations,Paused,R2 PCMC,Resolve in Google Ads Editor; do not broaden beyond service corridors
S | Goat Milk Paneer | Pune | Pilot,"Nigdi, Maharashtra, India",Positive,People in or regularly in targeted locations,Paused,R2 PCMC,Resolve in Google Ads Editor; do not broaden beyond service corridors
S | Goat Milk Paneer | Pune | Pilot,"Ravet, Maharashtra, India",Positive,People in or regularly in targeted locations,Paused,R2 PCMC,Resolve in Google Ads Editor; do not broaden beyond service corridors
S | Goat Milk Paneer | Pune | Pilot,"Punawale, Maharashtra, India",Positive,People in or regularly in targeted locations,Paused,R2 PCMC,Resolve in Google Ads Editor; do not broaden beyond service corridors
S | Goat Milk Paneer | Pune | Pilot,"Tathawade, Maharashtra, India",Positive,People in or regularly in targeted locations,Paused,R2 PCMC,Resolve in Google Ads Editor; do not broaden beyond service corridors
S | Goat Milk Paneer | Pune | Pilot,"Bavdhan, Maharashtra, India",Positive,People in or regularly in targeted locations,Paused,R3 West & Central Pune,Resolve in Google Ads Editor; do not broaden beyond service corridors
S | Goat Milk Paneer | Pune | Pilot,"Kothrud, Maharashtra, India",Positive,People in or regularly in targeted locations,Paused,R3 West & Central Pune,Resolve in Google Ads Editor; do not broaden beyond service corridors
S | Goat Milk Paneer | Pune | Pilot,"Karve Nagar, Maharashtra, India",Positive,People in or regularly in targeted locations,Paused,R3 West & Central Pune,Resolve in Google Ads Editor; do not broaden beyond service corridors
S | Goat Milk Paneer | Pune | Pilot,"Erandwane, Maharashtra, India",Positive,People in or regularly in targeted locations,Paused,R3 West & Central Pune,Resolve in Google Ads Editor; do not broaden beyond service corridors
S | Goat Milk Paneer | Pune | Pilot,"Deccan, Maharashtra, India",Positive,People in or regularly in targeted locations,Paused,R3 West & Central Pune,Resolve in Google Ads Editor; do not broaden beyond service corridors
S | Goat Milk Paneer | Pune | Pilot,"Shivajinagar, Maharashtra, India",Positive,People in or regularly in targeted locations,Paused,R3 West & Central Pune / R4 Central & East Pune,Resolve in Google Ads Editor; do not broaden beyond service corridors
S | Goat Milk Paneer | Pune | Pilot,"Sangamwadi, Maharashtra, India",Positive,People in or regularly in targeted locations,Paused,R4 Central & East Pune,Resolve in Google Ads Editor; do not broaden beyond service corridors
S | Goat Milk Paneer | Pune | Pilot,"Koregaon Park, Maharashtra, India",Positive,People in or regularly in targeted locations,Paused,R4 Central & East Pune,Resolve in Google Ads Editor; do not broaden beyond service corridors
S | Goat Milk Paneer | Pune | Pilot,"Kalyani Nagar, Maharashtra, India",Positive,People in or regularly in targeted locations,Paused,R4 Central & East Pune,Resolve in Google Ads Editor; do not broaden beyond service corridors
S | Goat Milk Paneer | Pune | Pilot,"Viman Nagar, Maharashtra, India",Positive,People in or regularly in targeted locations,Paused,R4 Central & East Pune,Resolve in Google Ads Editor; do not broaden beyond service corridors
S | Goat Milk Paneer | Pune | Pilot,"Wadgaon Sheri, Maharashtra, India",Positive,People in or regularly in targeted locations,Paused,R4 Central & East Pune,Resolve in Google Ads Editor; do not broaden beyond service corridors
S | Goat Milk Paneer | Pune | Pilot,"Kharadi, Maharashtra, India",Positive,People in or regularly in targeted locations,Paused,R4 Central & East Pune,Resolve in Google Ads Editor; do not broaden beyond service corridors
S | Goat Milk Paneer | Pune | Pilot,"Warje, Maharashtra, India",Positive,People in or regularly in targeted locations,Paused,R5 South Pune,Resolve in Google Ads Editor; do not broaden beyond service corridors
S | Goat Milk Paneer | Pune | Pilot,"Sinhagad Road, Maharashtra, India",Positive,People in or regularly in targeted locations,Paused,R5 South Pune,Resolve in Google Ads Editor; do not broaden beyond service corridors
S | Goat Milk Paneer | Pune | Pilot,"Dhayari, Maharashtra, India",Positive,People in or regularly in targeted locations,Paused,R5 South Pune,Resolve in Google Ads Editor; do not broaden beyond service corridors
S | Goat Milk Paneer | Pune | Pilot,"Ambegaon, Maharashtra, India",Positive,People in or regularly in targeted locations,Paused,R5 South Pune,Resolve in Google Ads Editor; do not broaden beyond service corridors
S | Goat Milk Paneer | Pune | Pilot,"Katraj, Maharashtra, India",Positive,People in or regularly in targeted locations,Paused,R5 South Pune,Resolve in Google Ads Editor; do not broaden beyond service corridors
S | Goat Milk Paneer | Pune | Pilot,"Bibwewadi, Maharashtra, India",Positive,People in or regularly in targeted locations,Paused,R5 South Pune,Resolve in Google Ads Editor; do not broaden beyond service corridors
S | Goat Milk Paneer | Pune | Pilot,"Kondhwa, Maharashtra, India",Positive,People in or regularly in targeted locations,Paused,R5 South Pune,Resolve in Google Ads Editor; do not broaden beyond service corridors
S | Goat Milk Paneer | Pune | Pilot,"NIBM, Maharashtra, India",Positive,People in or regularly in targeted locations,Paused,R5 South Pune,Resolve in Google Ads Editor; do not broaden beyond service corridors
S | Goat Milk Paneer | Pune | Pilot,"Undri, Maharashtra, India",Positive,People in or regularly in targeted locations,Paused,R5 South Pune,Resolve in Google Ads Editor; do not broaden beyond service corridors
S | Goat Milk Paneer | Pune | Pilot,"Magarpatta, Maharashtra, India",Positive,People in or regularly in targeted locations,Paused,R6 Hadapsar & Solapur Road,Resolve in Google Ads Editor; do not broaden beyond service corridors
S | Goat Milk Paneer | Pune | Pilot,"Amanora, Maharashtra, India",Positive,People in or regularly in targeted locations,Paused,R6 Hadapsar & Solapur Road,Resolve in Google Ads Editor; do not broaden beyond service corridors
S | Goat Milk Paneer | Pune | Pilot,"Hadapsar, Maharashtra, India",Positive,People in or regularly in targeted locations,Paused,R6 Hadapsar & Solapur Road,Resolve in Google Ads Editor; do not broaden beyond service corridors
S | Goat Milk Paneer | Pune | Pilot,"Manjari, Maharashtra, India",Positive,People in or regularly in targeted locations,Paused,R6 Hadapsar & Solapur Road,Resolve in Google Ads Editor; do not broaden beyond service corridors
S | Goat Milk Paneer | Pune | Pilot,"Shewalewadi, Maharashtra, India",Positive,People in or regularly in targeted locations,Paused,R6 Hadapsar & Solapur Road,Resolve in Google Ads Editor; do not broaden beyond service corridors
S | Goat Milk Paneer | Pune | Pilot,"Loni Kalbhor, Maharashtra, India",Positive,People in or regularly in targeted locations,Paused,R6 Hadapsar & Solapur Road,Resolve in Google Ads Editor; do not broaden beyond service corridors
S | Goat Milk Paneer | Pune | Pilot,"Kunjirwadi, Maharashtra, India",Positive,People in or regularly in targeted locations,Paused,R6 Hadapsar & Solapur Road,Resolve in Google Ads Editor; do not broaden beyond service corridors
S | Goat Milk Paneer | Pune | Pilot,"Uruli Kanchan, Maharashtra, India",Positive,People in or regularly in targeted locations,Paused,R6 Hadapsar & Solapur Road,Resolve in Google Ads Editor; do not broaden beyond service corridors
S | B2B Dairy Supply | Pune | Pilot,"Susgaon, Maharashtra, India",Positive,People in or regularly in targeted locations,Paused,R1 West Pune & Hinjewadi,Resolve in Google Ads Editor; do not broaden beyond service corridors
S | B2B Dairy Supply | Pune | Pilot,"Mahalunge, Maharashtra, India",Positive,People in or regularly in targeted locations,Paused,R1 West Pune & Hinjewadi,Resolve in Google Ads Editor; do not broaden beyond service corridors
S | B2B Dairy Supply | Pune | Pilot,"Hinjewadi, Maharashtra, India",Positive,People in or regularly in targeted locations,Paused,R1 West Pune & Hinjewadi,Resolve in Google Ads Editor; do not broaden beyond service corridors
S | B2B Dairy Supply | Pune | Pilot,"Wakad, Maharashtra, India",Positive,People in or regularly in targeted locations,Paused,R1 West Pune & Hinjewadi / R2 PCMC,Resolve in Google Ads Editor; do not broaden beyond service corridors
S | B2B Dairy Supply | Pune | Pilot,"Balewadi, Maharashtra, India",Positive,People in or regularly in targeted locations,Paused,R1 West Pune & Hinjewadi,Resolve in Google Ads Editor; do not broaden beyond service corridors
S | B2B Dairy Supply | Pune | Pilot,"Baner, Maharashtra, India",Positive,People in or regularly in targeted locations,Paused,R1 West Pune & Hinjewadi,Resolve in Google Ads Editor; do not broaden beyond service corridors
S | B2B Dairy Supply | Pune | Pilot,"Aundh, Maharashtra, India",Positive,People in or regularly in targeted locations,Paused,R2 PCMC,Resolve in Google Ads Editor; do not broaden beyond service corridors
S | B2B Dairy Supply | Pune | Pilot,"Pimple Nilakh, Maharashtra, India",Positive,People in or regularly in targeted locations,Paused,R2 PCMC,Resolve in Google Ads Editor; do not broaden beyond service corridors
S | B2B Dairy Supply | Pune | Pilot,"Pimple Saudagar, Maharashtra, India",Positive,People in or regularly in targeted locations,Paused,R2 PCMC,Resolve in Google Ads Editor; do not broaden beyond service corridors
S | B2B Dairy Supply | Pune | Pilot,"Rahatani, Maharashtra, India",Positive,People in or regularly in targeted locations,Paused,R2 PCMC,Resolve in Google Ads Editor; do not broaden beyond service corridors
S | B2B Dairy Supply | Pune | Pilot,"Pimpri, Maharashtra, India",Positive,People in or regularly in targeted locations,Paused,R2 PCMC,Resolve in Google Ads Editor; do not broaden beyond service corridors
S | B2B Dairy Supply | Pune | Pilot,"Chinchwad, Maharashtra, India",Positive,People in or regularly in targeted locations,Paused,R2 PCMC,Resolve in Google Ads Editor; do not broaden beyond service corridors
S | B2B Dairy Supply | Pune | Pilot,"Akurdi, Maharashtra, India",Positive,People in or regularly in targeted locations,Paused,R2 PCMC,Resolve in Google Ads Editor; do not broaden beyond service corridors
S | B2B Dairy Supply | Pune | Pilot,"Nigdi, Maharashtra, India",Positive,People in or regularly in targeted locations,Paused,R2 PCMC,Resolve in Google Ads Editor; do not broaden beyond service corridors
S | B2B Dairy Supply | Pune | Pilot,"Ravet, Maharashtra, India",Positive,People in or regularly in targeted locations,Paused,R2 PCMC,Resolve in Google Ads Editor; do not broaden beyond service corridors
S | B2B Dairy Supply | Pune | Pilot,"Punawale, Maharashtra, India",Positive,People in or regularly in targeted locations,Paused,R2 PCMC,Resolve in Google Ads Editor; do not broaden beyond service corridors
S | B2B Dairy Supply | Pune | Pilot,"Tathawade, Maharashtra, India",Positive,People in or regularly in targeted locations,Paused,R2 PCMC,Resolve in Google Ads Editor; do not broaden beyond service corridors
S | B2B Dairy Supply | Pune | Pilot,"Bavdhan, Maharashtra, India",Positive,People in or regularly in targeted locations,Paused,R3 West & Central Pune,Resolve in Google Ads Editor; do not broaden beyond service corridors
S | B2B Dairy Supply | Pune | Pilot,"Kothrud, Maharashtra, India",Positive,People in or regularly in targeted locations,Paused,R3 West & Central Pune,Resolve in Google Ads Editor; do not broaden beyond service corridors
S | B2B Dairy Supply | Pune | Pilot,"Karve Nagar, Maharashtra, India",Positive,People in or regularly in targeted locations,Paused,R3 West & Central Pune,Resolve in Google Ads Editor; do not broaden beyond service corridors
S | B2B Dairy Supply | Pune | Pilot,"Erandwane, Maharashtra, India",Positive,People in or regularly in targeted locations,Paused,R3 West & Central Pune,Resolve in Google Ads Editor; do not broaden beyond service corridors
S | B2B Dairy Supply | Pune | Pilot,"Deccan, Maharashtra, India",Positive,People in or regularly in targeted locations,Paused,R3 West & Central Pune,Resolve in Google Ads Editor; do not broaden beyond service corridors
S | B2B Dairy Supply | Pune | Pilot,"Shivajinagar, Maharashtra, India",Positive,People in or regularly in targeted locations,Paused,R3 West & Central Pune / R4 Central & East Pune,Resolve in Google Ads Editor; do not broaden beyond service corridors
S | B2B Dairy Supply | Pune | Pilot,"Sangamwadi, Maharashtra, India",Positive,People in or regularly in targeted locations,Paused,R4 Central & East Pune,Resolve in Google Ads Editor; do not broaden beyond service corridors
S | B2B Dairy Supply | Pune | Pilot,"Koregaon Park, Maharashtra, India",Positive,People in or regularly in targeted locations,Paused,R4 Central & East Pune,Resolve in Google Ads Editor; do not broaden beyond service corridors
S | B2B Dairy Supply | Pune | Pilot,"Kalyani Nagar, Maharashtra, India",Positive,People in or regularly in targeted locations,Paused,R4 Central & East Pune,Resolve in Google Ads Editor; do not broaden beyond service corridors
S | B2B Dairy Supply | Pune | Pilot,"Viman Nagar, Maharashtra, India",Positive,People in or regularly in targeted locations,Paused,R4 Central & East Pune,Resolve in Google Ads Editor; do not broaden beyond service corridors
S | B2B Dairy Supply | Pune | Pilot,"Wadgaon Sheri, Maharashtra, India",Positive,People in or regularly in targeted locations,Paused,R4 Central & East Pune,Resolve in Google Ads Editor; do not broaden beyond service corridors
S | B2B Dairy Supply | Pune | Pilot,"Kharadi, Maharashtra, India",Positive,People in or regularly in targeted locations,Paused,R4 Central & East Pune,Resolve in Google Ads Editor; do not broaden beyond service corridors
S | B2B Dairy Supply | Pune | Pilot,"Warje, Maharashtra, India",Positive,People in or regularly in targeted locations,Paused,R5 South Pune,Resolve in Google Ads Editor; do not broaden beyond service corridors
S | B2B Dairy Supply | Pune | Pilot,"Sinhagad Road, Maharashtra, India",Positive,People in or regularly in targeted locations,Paused,R5 South Pune,Resolve in Google Ads Editor; do not broaden beyond service corridors
S | B2B Dairy Supply | Pune | Pilot,"Dhayari, Maharashtra, India",Positive,People in or regularly in targeted locations,Paused,R5 South Pune,Resolve in Google Ads Editor; do not broaden beyond service corridors
S | B2B Dairy Supply | Pune | Pilot,"Ambegaon, Maharashtra, India",Positive,People in or regularly in targeted locations,Paused,R5 South Pune,Resolve in Google Ads Editor; do not broaden beyond service corridors
S | B2B Dairy Supply | Pune | Pilot,"Katraj, Maharashtra, India",Positive,People in or regularly in targeted locations,Paused,R5 South Pune,Resolve in Google Ads Editor; do not broaden beyond service corridors
S | B2B Dairy Supply | Pune | Pilot,"Bibwewadi, Maharashtra, India",Positive,People in or regularly in targeted locations,Paused,R5 South Pune,Resolve in Google Ads Editor; do not broaden beyond service corridors
S | B2B Dairy Supply | Pune | Pilot,"Kondhwa, Maharashtra, India",Positive,People in or regularly in targeted locations,Paused,R5 South Pune,Resolve in Google Ads Editor; do not broaden beyond service corridors
S | B2B Dairy Supply | Pune | Pilot,"NIBM, Maharashtra, India",Positive,People in or regularly in targeted locations,Paused,R5 South Pune,Resolve in Google Ads Editor; do not broaden beyond service corridors
S | B2B Dairy Supply | Pune | Pilot,"Undri, Maharashtra, India",Positive,People in or regularly in targeted locations,Paused,R5 South Pune,Resolve in Google Ads Editor; do not broaden beyond service corridors
S | B2B Dairy Supply | Pune | Pilot,"Magarpatta, Maharashtra, India",Positive,People in or regularly in targeted locations,Paused,R6 Hadapsar & Solapur Road,Resolve in Google Ads Editor; do not broaden beyond service corridors
S | B2B Dairy Supply | Pune | Pilot,"Amanora, Maharashtra, India",Positive,People in or regularly in targeted locations,Paused,R6 Hadapsar & Solapur Road,Resolve in Google Ads Editor; do not broaden beyond service corridors
S | B2B Dairy Supply | Pune | Pilot,"Hadapsar, Maharashtra, India",Positive,People in or regularly in targeted locations,Paused,R6 Hadapsar & Solapur Road,Resolve in Google Ads Editor; do not broaden beyond service corridors
S | B2B Dairy Supply | Pune | Pilot,"Manjari, Maharashtra, India",Positive,People in or regularly in targeted locations,Paused,R6 Hadapsar & Solapur Road,Resolve in Google Ads Editor; do not broaden beyond service corridors
S | B2B Dairy Supply | Pune | Pilot,"Shewalewadi, Maharashtra, India",Positive,People in or regularly in targeted locations,Paused,R6 Hadapsar & Solapur Road,Resolve in Google Ads Editor; do not broaden beyond service corridors
S | B2B Dairy Supply | Pune | Pilot,"Loni Kalbhor, Maharashtra, India",Positive,People in or regularly in targeted locations,Paused,R6 Hadapsar & Solapur Road,Resolve in Google Ads Editor; do not broaden beyond service corridors
S | B2B Dairy Supply | Pune | Pilot,"Kunjirwadi, Maharashtra, India",Positive,People in or regularly in targeted locations,Paused,R6 Hadapsar & Solapur Road,Resolve in Google Ads Editor; do not broaden beyond service corridors
S | B2B Dairy Supply | Pune | Pilot,"Uruli Kanchan, Maharashtra, India",Positive,People in or regularly in targeted locations,Paused,R6 Hadapsar & Solapur Road,Resolve in Google Ads Editor; do not broaden beyond service corridors

