Campaign,Ad group,Ad status,Final URL,Path 1,Path 2,Headline 1,Headline 2,Headline 3,Headline 4,Headline 5,Headline 6,Headline 7,Headline 8,Headline 9,Headline 10,Description 1,Description 2,Description 3,Description 4,Final URL suffix,Labels
S | Fresh Goat Milk | Pune | Pilot,Goat Milk Pune,Paused,https://hellohoneybunny.com/try-goat-milk,fresh-goat-milk,pune,Fresh Goat Milk Near Pune,Check Current Goat Milk Batch,Small-Batch Goat Milk,Goat Milk From Kunjirwadi,Pune Goat Milk Requests,500 ml & 1 Litre Options,Local Goat Dairy Near Pune,WhatsApp For Availability,Check Current Availability,Price Confirmed Before Order,Fresh goat milk in limited batches near Pune. Check current availability on WhatsApp.,"Based in Kunjirwadi. Pack size, final pricing and fulfilment are confirmed personally.",Request 500 ml or 1 litre. Availability depends on the current farm batch.,Serving Pune and nearby areas subject to route availability. Ask before ordering.,utm_source=google&utm_medium=cpc&utm_campaign=search_fresh_milk_pune&utm_term={keyword}&utm_content={creative},HHB Pilot; Draft Only
S | Fresh Goat Milk | Pune | Pilot,Availability & Price,Paused,https://hellohoneybunny.com/try-goat-milk,fresh-goat-milk,pune,Fresh Goat Milk Near Pune,Check Current Goat Milk Batch,Small-Batch Goat Milk,Goat Milk From Kunjirwadi,Pune Goat Milk Requests,500 ml & 1 Litre Options,Local Goat Dairy Near Pune,WhatsApp For Availability,Check Current Availability,Price Confirmed Before Order,Fresh goat milk in limited batches near Pune. Check current availability on WhatsApp.,"Based in Kunjirwadi. Pack size, final pricing and fulfilment are confirmed personally.",Request 500 ml or 1 litre. Availability depends on the current farm batch.,Serving Pune and nearby areas subject to route availability. Ask before ordering.,utm_source=google&utm_medium=cpc&utm_campaign=search_fresh_milk_pune&utm_term={keyword}&utm_content={creative},HHB Pilot; Draft Only
S | Fresh Goat Milk | Pune | Pilot,Local Goat Milk,Paused,https://hellohoneybunny.com/try-goat-milk,fresh-goat-milk,pune,Fresh Goat Milk Near Pune,Check Current Goat Milk Batch,Small-Batch Goat Milk,Goat Milk From Kunjirwadi,Pune Goat Milk Requests,500 ml & 1 Litre Options,Local Goat Dairy Near Pune,WhatsApp For Availability,Check Current Availability,Price Confirmed Before Order,Fresh goat milk in limited batches near Pune. Check current availability on WhatsApp.,"Based in Kunjirwadi. Pack size, final pricing and fulfilment are confirmed personally.",Request 500 ml or 1 litre. Availability depends on the current farm batch.,Serving Pune and nearby areas subject to route availability. Ask before ordering.,utm_source=google&utm_medium=cpc&utm_campaign=search_fresh_milk_pune&utm_term={keyword}&utm_content={creative},HHB Pilot; Draft Only
S | Delivery Near Me | Pune-PCMC | Pilot,Near Me,Paused,https://hellohoneybunny.com/delivery-areas,delivery,pune-pcmc,Goat Milk Delivery Pune,Fresh Goat Milk Near Pune,Check Delivery To Your Area,Pune & Nearby PCMC Areas,Katraj Delivery Requests,Check Current Route,Ask About Pickup Or Delivery,WhatsApp For Availability,Local Goat Dairy Near Pune,Current Batch Availability,Check goat milk availability and delivery options across Pune and nearby areas.,Delivery depends on the current batch and practical route availability.,"Tell us your area on WhatsApp. We will confirm availability, pricing and fulfilment.",Fresh goat milk in limited batches. Pickup or delivery options are confirmed personally.,utm_source=google&utm_medium=cpc&utm_campaign=search_delivery_nearme&utm_term={keyword}&utm_content={creative},HHB Pilot; Draft Only
S | Delivery Near Me | Pune-PCMC | Pilot,Delivery Pune,Paused,https://hellohoneybunny.com/delivery-areas,delivery,pune-pcmc,Goat Milk Delivery Pune,Fresh Goat Milk Near Pune,Check Delivery To Your Area,Pune & Nearby PCMC Areas,Katraj Delivery Requests,Check Current Route,Ask About Pickup Or Delivery,WhatsApp For Availability,Local Goat Dairy Near Pune,Current Batch Availability,Check goat milk availability and delivery options across Pune and nearby areas.,Delivery depends on the current batch and practical route availability.,"Tell us your area on WhatsApp. We will confirm availability, pricing and fulfilment.",Fresh goat milk in limited batches. Pickup or delivery options are confirmed personally.,utm_source=google&utm_medium=cpc&utm_campaign=search_delivery_nearme&utm_term={keyword}&utm_content={creative},HHB Pilot; Draft Only
S | Delivery Near Me | Pune-PCMC | Pilot,Katraj PCMC,Paused,https://hellohoneybunny.com/delivery-areas,delivery,pune-pcmc,Goat Milk Delivery Pune,Fresh Goat Milk Near Pune,Check Delivery To Your Area,Pune & Nearby PCMC Areas,Katraj Delivery Requests,Check Current Route,Ask About Pickup Or Delivery,WhatsApp For Availability,Local Goat Dairy Near Pune,Current Batch Availability,Check goat milk availability and delivery options across Pune and nearby areas.,Delivery depends on the current batch and practical route availability.,"Tell us your area on WhatsApp. We will confirm availability, pricing and fulfilment.",Fresh goat milk in limited batches. Pickup or delivery options are confirmed personally.,utm_source=google&utm_medium=cpc&utm_campaign=search_delivery_nearme&utm_term={keyword}&utm_content={creative},HHB Pilot; Draft Only
S | Goat Milk Paneer | Pune | Pilot,Goat Milk Paneer,Paused,https://hellohoneybunny.com/goat-milk-paneer,goat-paneer,pune,Goat Milk Paneer Near Pune,Request Goat Milk Paneer,200 g & 400 g Options,Small-Batch Goat Paneer,Paneer Made From Goat Milk,Check Current Paneer Batch,Kunjirwadi Goat Dairy,WhatsApp For Availability,Pune Paneer Requests,Price Confirmed On WhatsApp,Goat milk paneer prepared in limited batches near Pune. Check current availability.,Indicative 200 g and 400 g sizes. Current pack and pricing are confirmed on WhatsApp.,Based in Kunjirwadi near Pune. Ask about current paneer pickup or delivery options.,Request the current batch before ordering. Availability varies with farm production.,utm_source=google&utm_medium=cpc&utm_campaign=search_goat_paneer&utm_term={keyword}&utm_content={creative},HHB Pilot; Draft Only
S | B2B Dairy Supply | Pune | Pilot,Goat Milk Supplier,Paused,https://hellohoneybunny.com/for-chefs-and-retailers,food-business,pune,Goat Dairy Supply Pune,For Cafes & Restaurants,Goat Milk Supplier Enquiry,Paneer Supply Enquiries,For Pune Food Businesses,Small-Batch Dairy Supply,Pune & PCMC Supply Enquiry,Talk To Hello Honey Bunny,Discuss Supply Requirements,Kunjirwadi Goat Dairy,"Chefs, cafes, restaurants and retailers can discuss goat milk or paneer requirements.",Small-batch supply is subject to current capacity. Tell us your expected requirements.,Based in Kunjirwadi near Pune. Start a supply conversation by WhatsApp or email.,Enquiries do not guarantee immediate supply. Availability is confirmed before commitment.,utm_source=google&utm_medium=cpc&utm_campaign=search_b2b_supply&utm_term={keyword}&utm_content={creative},HHB Pilot; Draft Only
S | B2B Dairy Supply | Pune | Pilot,Food Business Supply,Paused,https://hellohoneybunny.com/for-chefs-and-retailers,food-business,pune,Goat Dairy Supply Pune,For Cafes & Restaurants,Goat Milk Supplier Enquiry,Paneer Supply Enquiries,For Pune Food Businesses,Small-Batch Dairy Supply,Pune & PCMC Supply Enquiry,Talk To Hello Honey Bunny,Discuss Supply Requirements,Kunjirwadi Goat Dairy,"Chefs, cafes, restaurants and retailers can discuss goat milk or paneer requirements.",Small-batch supply is subject to current capacity. Tell us your expected requirements.,Based in Kunjirwadi near Pune. Start a supply conversation by WhatsApp or email.,Enquiries do not guarantee immediate supply. Availability is confirmed before commitment.,utm_source=google&utm_medium=cpc&utm_campaign=search_b2b_supply&utm_term={keyword}&utm_content={creative},HHB Pilot; Draft Only

