Campaign,Asset status,Link text,Final URL,Description line 1,Description line 2,Labels
S | Fresh Goat Milk | Pune | Pilot,Paused,Fresh Goat Milk,https://hellohoneybunny.com/fresh-goat-milk,Current batch information,Pack sizes and availability,HHB Pilot; Draft Only
S | Fresh Goat Milk | Pune | Pilot,Paused,Delivery Areas,https://hellohoneybunny.com/delivery-areas,Pune and nearby areas,Check route availability,HHB Pilot; Draft Only
S | Fresh Goat Milk | Pune | Pilot,Paused,Goat Milk Paneer,https://hellohoneybunny.com/goat-milk-paneer,Current paneer batch,Pack sizes and availability,HHB Pilot; Draft Only
S | Fresh Goat Milk | Pune | Pilot,Paused,Request A Batch,https://hellohoneybunny.com/request-a-batch,Build a product request,Confirm details on WhatsApp,HHB Pilot; Draft Only
S | Delivery Near Me | Pune-PCMC | Pilot,Paused,Fresh Goat Milk,https://hellohoneybunny.com/fresh-goat-milk,Current batch information,Pack sizes and availability,HHB Pilot; Draft Only
S | Delivery Near Me | Pune-PCMC | Pilot,Paused,Delivery Areas,https://hellohoneybunny.com/delivery-areas,Pune and nearby areas,Check route availability,HHB Pilot; Draft Only
S | Delivery Near Me | Pune-PCMC | Pilot,Paused,Goat Milk Paneer,https://hellohoneybunny.com/goat-milk-paneer,Current paneer batch,Pack sizes and availability,HHB Pilot; Draft Only
S | Delivery Near Me | Pune-PCMC | Pilot,Paused,Request A Batch,https://hellohoneybunny.com/request-a-batch,Build a product request,Confirm details on WhatsApp,HHB Pilot; Draft Only
S | Goat Milk Paneer | Pune | Pilot,Paused,Fresh Goat Milk,https://hellohoneybunny.com/fresh-goat-milk,Current batch information,Pack sizes and availability,HHB Pilot; Draft Only
S | Goat Milk Paneer | Pune | Pilot,Paused,Delivery Areas,https://hellohoneybunny.com/delivery-areas,Pune and nearby areas,Check route availability,HHB Pilot; Draft Only
S | Goat Milk Paneer | Pune | Pilot,Paused,Goat Milk Paneer,https://hellohoneybunny.com/goat-milk-paneer,Current paneer batch,Pack sizes and availability,HHB Pilot; Draft Only
S | Goat Milk Paneer | Pune | Pilot,Paused,Request A Batch,https://hellohoneybunny.com/request-a-batch,Build a product request,Confirm details on WhatsApp,HHB Pilot; Draft Only

